<?xml version="1.0" encoding="UTF-8"?>
<beans xmlns="http://www.springframework.org/schema/beans" xmlns:xsi="http://www.w3.org/2001/XMLSchema-instance"
	xmlns:mvc="http://www.springframework.org/schema/mvc" xmlns:context="http://www.springframework.org/schema/context"
	xsi:schemaLocation="
	http://www.springframework.org/schema/beans
	http://www.springframework.org/schema/beans/spring-beans-4.0.xsd
	http://www.springframework.org/schema/context 
	http://www.springframework.org/schema/context/spring-context-4.0.xsd
	http://www.springframework.org/schema/mvc  
    http://www.springframework.org/schema/mvc/spring-mvc-4.0.xsd">


	<!-- XML转码器 -->
	<bean id="fmXmlEscape" class="freemarker.template.utility.XmlEscape" />

	<!-- 配置freeMarker的模板路径 -->
	<bean id="freemarkerConfig" class="org.springframework.web.servlet.view.freemarker.FreeMarkerConfigurer">
		<property name="configLocation" value="classpath:freemarker.properties" />
		<property name="templateLoaderPath" value="/WEB-INF/ftl/" />
		<property name="freemarkerVariables">
			<map>
				<entry key="xml_escape" value-ref="fmXmlEscape" />
			</map>
		</property>
	</bean>

	<!-- 配置freeMarker视图解析器 -->
	<bean id="viewResolver" class="org.springframework.web.servlet.view.freemarker.FreeMarkerViewResolver">
		<property name="viewClass" value="org.springframework.web.servlet.view.freemarker.FreeMarkerView" />
		<property name="contentType" value="text/html; charset=utf-8" />
		<property name="cache" value="true" />
		<property name="suffix" value=".ftl" />
		<property name="order" value="1" />

		<property name="requestContextAttribute" value="request" />
		<property name="exposeRequestAttributes" value="true" />
		<property name="exposeSessionAttributes" value="true" />
		<property name="exposeSpringMacroHelpers" value="true" />
	</bean>


	<!-- jsp视图解析器 -->
	<bean id="jspViewResolver" class="org.springframework.web.servlet.view.InternalResourceViewResolver">
		<property name="viewClass" value="org.springframework.web.servlet.view.JstlView" />
		<property name="prefix" value="/WEB-INF/jsp/" />
		<property name="suffix" value=".jsp" />
		<property name="order" value="2" />
	</bean>
	
	<!-- 扫描控制器类 -->
	<context:component-scan base-package="com.viathink/**/web/controller/**" />
	
	<!-- 配置静态资源 -->
	<mvc:resources location="/resources/" mapping="/resources/**" />

	<!-- 采用注解方式配置MVC -->
	<mvc:annotation-driven  content-negotiation-manager="contentNegotiationManager">
		<mvc:argument-resolvers>
			<bean class="org.springframework.data.web.PageableHandlerMethodArgumentResolver" />
		</mvc:argument-resolvers>
	</mvc:annotation-driven>
	
	<bean id="contentNegotiationManager" class="org.springframework.web.accept.ContentNegotiationManagerFactoryBean">
    <property name="favorPathExtension" value="true" />
    <property name="favorParameter" value="true" />
    <property name="defaultContentType" value="text/html"/>
    <property name="mediaTypes" >
        <value>
            json=application/json
            xml=application/xml
        </value>
    </property>
</bean>

</beans>
	
	